original_,original_Fermented Food,original_Location,original_Description,original_Microbial Profile,original_Associated Scents,original_Emotional Landscape,lat,lon,formatted,name,district,suburb,postcode,city,county_code,state,state_code,county,country,country_code,confidence,confidence_city_level,attribution,attribution_license,attribution_url
1,Gochujang,Seoul,A district where this Korean chili paste is celebrated in culinary arts.,"Lactic acid bacteria, fungi.","Spicy, sweet, umami.","Warm, exhilarating.",37.5666791,126.9782914,"Seoul, South Korea",,,,,Seoul,,,,,South Korea,kr,1,1,© OpenStreetMap contributors,Open Database License,https://www.openstreetmap.org/copyright
2,Natto,Tokyo,"A small community known for its love for the sticky, nutritious soybeans.",Bacillus subtilis.,"Pungent, nutty.","Comforting, unique.",35.6840574,139.7744912,"Tokyo, Japan",,,,,Tokyo,,,,,Japan,jp,1,1,© OpenStreetMap contributors,Open Database License,https://www.openstreetmap.org/copyright
3,Miso,Kyoto,A marketplace where miso's versatility is showcased in various dishes.,"Aspergillus oryzae, yeasts.","Savory, rich, salty.","Nourishing, familiar.",35.021041,135.7556075,"Kyoto, Kyoto Prefecture, Japan",,,,,Kyoto,,,,Kyoto Prefecture,Japan,jp,1,1,© OpenStreetMap contributors,Open Database License,https://www.openstreetmap.org/copyright
4,Sourdough,San Francisco,An area famous for its sourdough bread and baking culture.,"Wild yeast, lactobacilli.","Tangy, yeasty, warm.","Cozy, artisanal.",37.7790262,-122.419906,"San Francisco, CA, United States of America",,,,,San Francisco,,California,CA,,United States,us,1,1,© OpenStreetMap contributors,Open Database License,https://www.openstreetmap.org/copyright
5,Kefir,Sacramento,A courtyard where people enjoy the health benefits of this fermented milk.,"Lactobacilli, yeasts.","Creamy, sour.","Invigorating, healthful.",38.5810606,-121.493895,"Sacramento, CA, United States of America",,,,,Sacramento,,California,CA,Sacramento County,United States,us,1,1,© OpenStreetMap contributors,Open Database License,https://www.openstreetmap.org/copyright
6,Kombucha,Haymarket,A strip of trendy shops serving a variety of kombucha flavors.,SCOBY (bacteria and yeast).,"Fruity, vinegary, effervescent.","Refreshing, chic.",38.8121398,-77.6368038,"Haymarket, VA 20168, United States of America",,,,20168,Haymarket,,Virginia,VA,Prince William County,United States,us,1,1,© OpenStreetMap contributors,Open Database License,https://www.openstreetmap.org/copyright
7,Curtido,La Popusa Urban Eatery,A corner where Salvadorian cuisine and its fermented slaw are mainstays.,Lactic acid bacteria.,"Spicy, tangy, crisp.","Lively, vibrant.",19.311346,-99.242886,"La Magdalena Contreras, CMX, Mexico",,,,,La Magdalena Contreras,,Ciudad de México,CMX,Magdalena Contreras,Mexico,mx,0.3333333333333333,0.3333333333333333,,,https://www.whosonfirst.org/docs/licenses/
8,Kvass,Moscow,An alley lined with kiosks selling traditional Russian fermented rye bread drink.,"Lactobacillus, Leuconostoc.","Malty, tangy.","Quaint, refreshing.",55.7504461,37.6174943,"Moscow, Russia",Moscow,,,,Moscow,,Moscow,,,Russia,ru,1,1,© OpenStreetMap contributors,Open Database License,https://www.openstreetmap.org/copyright
9,Crème Fraiche,Paris,A bistro / cafe offering dishes featuring this cultured cream.,Lactic acid bacteria.,"Creamy, buttery.","Luxurious, creamy.",48.8534951,2.3483915,"Paris, IDF, France",,,,,Paris,,Ile-de-France,IDF,,France,fr,1,1,© OpenStreetMap contributors,Open Database License,https://www.openstreetmap.org/copyright
10,Tempeh,Jakarta,A terrace famous for its variety of tempeh-based vegan cuisine.,Rhizopus oligosporus.,"Nutty, earthy.","Satisfying, ethical.",-6.175247,106.8270488,"Special Capital Region of Jakarta, Java, Indonesia",,,,,Special Capital Region of Jakarta,,Java,,,Indonesia,id,1,1,© OpenStreetMap contributors,Open Database License,https://www.openstreetmap.org/copyright
11,Nem Chua,Ho Chi Minh City,A snug eatery known for Vietnamese fermented pork rolls.,Lactic acid bacteria.,"Sour, meaty, spicy.","Adventurous, tangy.",10.7763897,106.7011391,"Hồ Chí Minh City, Vietnam",,,,,Hồ Chí Minh City,,,,,Vietnam,vn,1,1,© OpenStreetMap contributors,Open Database License,https://www.openstreetmap.org/copyright
12,Appam,Sri Lanka,An avenue where the South Indian fermented pancake is a breakfast staple.,"Wild yeast, bacteria.","Sweet, yeasty.","Welcoming, warm.",26.642881,90.715161,"Sri Lanka, Chirang, India",,,,,Sri Lanka,,Assam,AS,Chirang,India,in,1,1,,,https://www.whosonfirst.org/docs/licenses/
13,Atchara,Manila,An alley where Philippine pickle traditions are kept alive.,Lactic acid bacteria.,"Sweet, tangy, crisp.","Joyful, sunny.",14.5813098,120.9761612,"Manila, Capital District, Philippines",,,,,Manila,,Metro Manila,,Capital District,Philippines,ph,1,1,© OpenStreetMap contributors,Open Database License,https://www.openstreetmap.org/copyright
14,Balao-balao,Fillipino Festival,A bazaar where this Filipino rice and shrimp fermentation is sold.,"Lactic acid bacteria, yeasts.","Fishy, tangy.","Bold, traditional.",46.19112,6.77746,"Village du Festival, Morzine, ARA, France",Village du Festival,Morzine,,,Morzine,,Auvergne-Rhone-Alpes,ARA,Haute-Savoie,France,fr,0.81,0.81,,CC BY 4.0,https://www.geonames.org/datasources/
15,Jalebi,Mumbai,A junction where the sweet fermented batter of Jalebi is a festival treat.,Wild yeast.,"Sweet, tangy.","Festive, joyous.",19.0785451,72.878176,"Mumbai, Mumbai Suburban, India",,,,,Mumbai,,Maharashtra,MH,Mumbai Suburban,India,in,1,1,© OpenStreetMap contributors,Open Database License,https://www.openstreetmap.org/copyright
16,Sauerkraut,Berlin,A street famous for its German cuisine and sauerkraut.,"Leuconostoc, Lactobacillus.","Sour, earthy.","Hearty, traditional.",52.5170365,13.3888599,"Berlin, Germany",,,,,Berlin,,,,,Germany,de,1,1,© OpenStreetMap contributors,Open Database License,https://www.openstreetmap.org/copyright
17,Doubanjian,Chengdu,A district that celebrates Sichuan cuisine and its spicy bean paste.,"Lactic acid bacteria, fungi.","Spicy, savory, umami.","Exciting, bold.",30.7648688,102.1192947,"Chengdu, Xiaojin County, China",Chengdu,,,,Chengdu,,Sichuan,,Xiaojin County,China,cn,1,1,© OpenStreetMap contributors,Open Database License,https://www.openstreetmap.org/copyright
18,Bors,Saint Petersburg,A boulevard where the Eastern European beet soup is a cultural icon.,Lactic acid bacteria.,"Earthy, sour.","Nostalgic, comforting.",59.938732,30.316229,"Saint Petersburg, Russia",Saint Petersburg,,,,Saint Petersburg,,Saint Petersburg,,,Russia,ru,1,1,© OpenStreetMap contributors,Open Database License,https://www.openstreetmap.org/copyright
19,Injera,Ethiopia,An intersection where the Ethiopian staple is served with every meal.,"Wild yeast, lactic acid bacteria.","Slightly sour, earthy.","Communal, exotic.",11.591367600000002,37.39000433472914,"6000 Bahir Dar City, Amhara, Ethiopia, Ethiopia","Bahir Dar City, Amhara, Ethiopia",,,6000,"Bahir Dar City, Amhara, Ethiopia",,Amhara Region,,,Ethiopia,et,0.6561000000000001,0.6561000000000001,© OpenStreetMap contributors,Open Database License,https://www.openstreetmap.org/copyright
20,Worcestershire Sauce,Central England,A pathway known for the historic Worcestershire sauce production.,"Lactic acid bacteria, molds.","Tangy, savory, umami.","Sophisticated, savory.",50.8386265,0.4733863,"Central, Rother, ENG, United Kingdom",Central,,Central,TN40 1AX,Rother,ESX,England,ENG,East Sussex,United Kingdom,gb,0.5,0.5,© OpenStreetMap contributors,Open Database License,https://www.openstreetmap.org/copyright
30,Olives,Mediterranean region,An orchard where olives are fermented to perfection.,"Yeasts, lactobacillus.","Briny, savory.","Peaceful, rustic.",37.207821499999994,30.691922862102622,"Mediterranean Region, Turkey",,,,,,,Mediterranean Region,,,Turkey,tr,1,,© OpenStreetMap contributors,Open Database License,https://www.openstreetmap.org/copyright
31,Kimchi,Korean Town,"A corner dedicated to the Korean staple, kimchi, in various forms.",Lactic acid bacteria.,"Spicy, garlicky, tangy.","Invigorating, communal.",-33.915366,18.543149,"Cape Town, City of Cape Town, South Africa",,City of Cape Town,,,Cape Town,,Western Cape,WC,City of Cape Town,South Africa,za,0.5103000000000001,0.5103000000000001,,,https://www.whosonfirst.org/docs/licenses/
32,Poi,Honolulu,A pavilion where the Hawaiian taro fermentation is a cultural experience.,Lactic acid bacteria.,"Sour, starchy.","Exotic, laid-back.",21.304547,-157.855676,"Honolulu, HI, United States of America",,,,,Honolulu,,Hawaii,HI,Honolulu County,United States,us,1,1,© OpenStreetMap contributors,Open Database License,https://www.openstreetmap.org/copyright
33,Beer,Munich,An open area where the craft of brewing beer is both taught and enjoyed.,Brewer's yeast.,"Malty, hoppy, yeasty.","Sociable, festive.",48.1371079,11.5753822,"Munich, Bavaria, Germany",,,,,Munich,,Bavaria,,,Germany,de,1,1,© OpenStreetMap contributors,Open Database License,https://www.openstreetmap.org/copyright
34,Wine,South France,A walkway lined with vineyards and tasting areas for different wines.,Wine yeast.,"Fruity, oaky, complex.","Romantic, sophisticated.",-5.293357,122.283325,"South East Sulawesi, Buton, Indonesia",,,,,South East Sulawesi,,Southeast Sulawesi,,Buton,Indonesia,id,0.567,0.567,,,https://www.whosonfirst.org/docs/licenses/
35,Cheese,Amsterdam,A court where artisanal cheese makers share their craft.,"Lactic acid bacteria, molds.","Creamy, sharp, rich.","Indulgent, diverse.",52.3730796,4.8924534,"Amsterdam, NH, Netherlands",,,,,Amsterdam,,North Holland,NH,,Netherlands,nl,1,1,© OpenStreetMap contributors,Open Database License,https://www.openstreetmap.org/copyright
36,Salami,Rome,"A street known for its delis and cured meats, with salami being a highlight.",Lactic acid bacteria.,"Savory, fermented, spicy.","Hearty, artisanal.",41.8933203,12.4829321,"Rome, Roma Capitale, Italy",,,,,Rome,,Lazio,LAZ,Roma Capitale,Italy,it,1,1,© OpenStreetMap contributors,Open Database License,https://www.openstreetmap.org/copyright
37,Tsukemono,Osaka,A town where Japanese pickling arts are displayed through various tsukemono.,Lactic acid bacteria.,"Tangy, crisp, salty.","Refreshing, clean.",34.6937569,135.5014539,"Osaka, Osaka Prefecture, Japan",,,,,Osaka,,Osaka Prefecture,,,Japan,jp,1,1,© OpenStreetMap contributors,Open Database License,https://www.openstreetmap.org/copyright
38,Suan cai,Asian Mart,A square where Chinese pickled mustard leaf suan cai is a local delicacy.,Lactic acid bacteria.,"Sour, salty, crunchy.","Bold, tangy.",13.06741,80.206141,"South Asian Games, Chennai, TN, India",South Asian Games,Kodambakkam,South Asian Games,,Chennai,,Tamil Nadu,TN,Chennai,India,in,0.567,0.567,,,https://www.whosonfirst.org/docs/licenses/
39,Viili,Helsinki,"A village where the Finnish fermented milk product, viili, is a tradition.","Lactic acid bacteria, molds.","Creamy, mild.","Comforting, traditional.",60.1674881,24.9427473,"Helsinki, Uusimaa, Finland",,,,,Helsinki,,Mainland Finland,,Uusimaa,Finland,fi,1,1,© OpenStreetMap contributors,Open Database License,https://www.openstreetmap.org/copyright
40,Filmjölk,Stockholm,"A fjord area where Swedish sour milk, filmjölk, is a breakfast staple.",Lactic acid bacteria.,"Sour, creamy.","Nurturing, serene.",59.3251172,18.0710935,"111 29 Stockholm, Sweden",Stockholm,,,111 29,Stockholm,,,,Stockholm County,Sweden,se,1,1,© OpenStreetMap contributors,Open Database License,https://www.openstreetmap.org/copyright
41,Fermented Bean Curd,Beijing,A boulevard where fermented bean curd is sold in myriad flavors.,"Molds, lactic acid bacteria.","Pungent, creamy, umami.","Acquired, intense.",39.9057136,116.3912972,"首都功能核心区, 100010 Beijing, China",Beijing,,,100010,Beijing,,Beijing,,首都功能核心区,China,cn,1,1,© OpenStreetMap contributors,Open Database License,https://www.openstreetmap.org/copyright
42,Garri,Guinea,A grove where the West African fermented cassava dish is a staple food.,"Lactic acid bacteria, yeasts.","Sour, starchy.","Earthy, robust.",44.6571781,-65.5895844,"Guinea, NS, Canada",,,,,Guinea,,Nova Scotia,NS,Municipality of the County of Annapolis,Canada,ca,1,1,© OpenStreetMap contributors,Open Database License,https://www.openstreetmap.org/copyright
43,Lassi,Pune,A lane where the traditional Indian yogurt-based drink lassi is enjoyed.,Lactic acid bacteria.,"Sweet, fruity, or savory.","Refreshing, cultural.",18.521428,73.8544541,"Pune, India",,,,,Pune,,Maharashtra,MH,Pune,India,in,1,1,© OpenStreetMap contributors,Open Database License,https://www.openstreetmap.org/copyright
44,Rakfisk,Oslo,A river site where the Norwegian fermented fish is celebrated.,Lactic acid bacteria.,"Fishy, tangy.","Unique, traditional.",59.9133301,10.7389701,"Oslo, Norway",,,,,Oslo,,,,,Norway,no,1,1,© OpenStreetMap contributors,Open Database License,https://www.openstreetmap.org/copyright
45,Kiviak,Greenland,A cove where the Inuit tradition of fermenting birds in sealskin is observed.,Lactic acid bacteria.,"Gamey, oceanic.","Ancient, survivalist.",35.9948477,-94.1796014,"Greenland, AR 72737, United States of America",,,,72737,Greenland,,Arkansas,AR,Washington County,United States,us,1,1,© OpenStreetMap contributors,Open Database License,https://www.openstreetmap.org/copyright
46,Hákarl,Iceland,A harbor where Icelandic fermented shark is prepared and tasted.,Lactic acid bacteria.,"Strong, ammonia-like.","Daring, acquired.",39.3733802,-120.029143,"Iceland, CA, United States of America",Iceland,,,,Iceland,,California,CA,Nevada County,United States,us,1,1,© OpenStreetMap contributors,Open Database License,https://www.openstreetmap.org/copyright
47,Surströmming,Stockholm,A square dedicated to the Swedish tradition of fermented herring.,Lactic acid bacteria.,"Potent, fishy.","Bold, communal.",59.3251172,18.0710935,"111 29 Stockholm, Sweden",Stockholm,,,111 29,Stockholm,,,,Stockholm County,Sweden,se,1,1,© OpenStreetMap contributors,Open Database License,https://www.openstreetmap.org/copyright
48,Kefir Grains,West Hollywood,A garden where kefir grains are cultivated for their probiotic properties.,"Yeasts, lactic acid bacteria.","Yeasty, creamy.","Healthful, nurturing.",34.0923014,-118.3692894,"West Hollywood, CA, United States of America",,,,,West Hollywood,,California,CA,Los Angeles County,United States,us,1,1,© OpenStreetMap contributors,Open Database License,https://www.openstreetmap.org/copyright
49,Lacto-fermented Vegetables,Shanghai,A park where lacto-fermented vegetables of all kinds are celebrated.,Lactic acid bacteria.,"Tangy, salty, vegetal.","Wholesome, crisp.",31.2323437,121.4691024,"200001 Shanghai, China",Shanghai,,,200001,Shanghai,,Shanghai,,,China,cn,1,1,© OpenStreetMap contributors,Open Database License,https://www.openstreetmap.org/copyright
50,Dosa,Mumbai,A district famous for its dosa stands and South Indian cuisine.,"Wild yeast, bacteria.","Fermented, sour, savory.","Welcoming, spicy.",19.0785451,72.878176,"Mumbai, Mumbai Suburban, India",,,,,Mumbai,,Maharashtra,MH,Mumbai Suburban,India,in,1,1,© OpenStreetMap contributors,Open Database License,https://www.openstreetmap.org/copyright
51,Tepache,Mexico City,A terrace where the Mexican fermented pineapple drink is a refreshing treat.,"Wild yeast, bacteria.","Sweet, fruity, tangy.","Lively, exotic.",19.4326296,-99.1331785,"Mexico City, Mexico",,,,,Mexico City,,,,,Mexico,mx,1,1,© OpenStreetMap contributors,Open Database License,https://www.openstreetmap.org/copyright
52,Miso Soup,"
Sapporo",A square where different variations of miso soup are enjoyed by many.,"Aspergillus oryzae, lactic acid bacteria.","Savory, umami, warm.","Comforting, satisfying.",43.061936,141.3542924,"Sapporo, Hokkaido Prefecture, Japan",,,,,Sapporo,,Ishikari Subprefecture,,Hokkaido Prefecture,Japan,jp,1,1,© OpenStreetMap contributors,Open Database License,https://www.openstreetmap.org/copyright
53,Pickled Herring,Scandanavia,A haven where pickled herring is a traditional delicacy.,Lactic acid bacteria.,"Fishy, vinegary.","Traditional, bold.",,,,,,,,,,,,,,,,,,,
54,Mead,Vienna,A meadow for gatherings to taste various types of the fermented honey drink.,Wild yeast.,"Sweet, floral, alcoholic.","Celebratory, ancient.",48.2083537,16.3725042,"Vienna, Austria",,,,,Vienna,,,,,Austria,at,1,1,© OpenStreetMap contributors,Open Database License,https://www.openstreetmap.org/copyright
55,Tofu,Shanghai,A terrace known for its soybean fermentation into tofu.,"Lactic acid bacteria, molds.","Nutty, mild.","Versatile, essential.",31.2323437,121.4691024,"200001 Shanghai, China",Shanghai,,,200001,Shanghai,,Shanghai,,,China,cn,1,1,© OpenStreetMap contributors,Open Database License,https://www.openstreetmap.org/copyright
56,Narezushi,Hiroshima,A nook where the traditional Japanese fermented fish sushi is prepared.,Lactic acid bacteria.,"Fishy, sour, ricey.","Cultural, savory.",34.3917241,132.4517589,"Hiroshima, Hiroshima Prefecture, Japan",,,,,Hiroshima,,,,Hiroshima Prefecture,Japan,jp,1,1,© OpenStreetMap contributors,Open Database License,https://www.openstreetmap.org/copyright
57,Black Garlic,Daejeon,A bistro that specializes in dishes made with fermented black garlic.,"Yeasts, bacteria.","Sweet, balsamic, tangy.","Gourmet, sweet.",36.3497007,127.3849016,"Daejeon, South Korea",,,,,Daejeon,,,,,South Korea,kr,1,1,© OpenStreetMap contributors,Open Database License,https://www.openstreetmap.org/copyright
58,Atchara,Atchara Alley,An alley where the Filipino pickle made from unripe papaya is featured.,Lactic acid bacteria.,"Sweet, tangy, crisp.","Refreshing, tropical.",30.97063,31.1669,"Al Maḩallah al Kubrá, Awel El-Mahallah El-Kobra, Egypt",,,,,Al Maḩallah al Kubrá,,Gharbia,,Awel El-Mahallah El-Kobra,Egypt,eg,0.3969,0.3969,,CC BY 4.0,https://www.geonames.org/datasources/
59,Soy Sauce,"Hong Kong ",A street where the art of brewing soy sauce is displayed and sampled.,"Aspergillus oryzae, yeasts.","Salty, umami, rich.","Essential, cultural.",22.2793278,114.1628131,"Hong Kong Island, Hong Kong, China",,,,,Hong Kong Island,,Hong Kong,,,China,cn,1,1,© OpenStreetMap contributors,Open Database License,https://www.openstreetmap.org/copyright
61,Chaas,Mumbai,A relaxing spot where this Indian buttermilk drink cools visitors.,Lactic acid bacteria.,"Sour, creamy.","Refreshing, calming.",19.0785451,72.878176,"Mumbai, Mumbai Suburban, India",,,,,Mumbai,,Maharashtra,MH,Mumbai Suburban,India,in,1,1,© OpenStreetMap contributors,Open Database License,https://www.openstreetmap.org/copyright
62,Bagoong,Manila,A bay area marketplace with a focus on Filipino fermented shrimp paste.,Fermentative bacteria and enzymes.,"Fishy, salty.","Robust, intense.",14.5813098,120.9761612,"Manila, Capital District, Philippines",,,,,Manila,,Metro Manila,,Capital District,Philippines,ph,1,1,© OpenStreetMap contributors,Open Database License,https://www.openstreetmap.org/copyright
63,Sake,Kyoto,A tranquil garden setting for tasting Japan’s finest sake brews.,"Aspergillus oryzae, yeast.","Fruity, sweet, umami.","Serene, sophisticated.",35.021041,135.7556075,"Kyoto, Kyoto Prefecture, Japan",,,,,Kyoto,,,,Kyoto Prefecture,Japan,jp,1,1,© OpenStreetMap contributors,Open Database License,https://www.openstreetmap.org/copyright
64,Zha cai,Chengdu,An urban district where Sichuan's pickled mustard plant is a culinary highlight.,Lactic acid bacteria.,"Spicy, sour, salty.","Vibrant, spicy.",30.7648688,102.1192947,"Chengdu, Xiaojin County, China",Chengdu,,,,Chengdu,,Sichuan,,Xiaojin County,China,cn,1,1,© OpenStreetMap contributors,Open Database License,https://www.openstreetmap.org/copyright
65,Fufu,Ghana,"A community center celebrating the African fermented cassava dish, fufu.","Wild yeast, lactic acid bacteria.","Sour, starchy.","Communal, traditional.",21.5729154,77.4769914,"Ghana, Chikhaldara, India",Ghana,,,,Ghana,,Maharashtra,MH,Chikhaldara,India,in,1,1,© OpenStreetMap contributors,Open Database License,https://www.openstreetmap.org/copyright
66,Ajvar,Serbia,A street lined with Balkan cafes serving this fermented red pepper condiment.,Lactic acid bacteria.,"Sweet, smokey, tangy.","Warm, comforting.",40.1846282,21.9990312,"505 00 Σέρβια, Greece",Σέρβια,,,505 00,Σέρβια,,Epirus and Western Macedonia,,Kozani Regional Unit,Greece,gr,1,1,© OpenStreetMap contributors,Open Database License,https://www.openstreetmap.org/copyright
68,Amazake,Tokyo,"An alleyway in Japan where the sweet, fermented rice drink amazake is enjoyed.",Aspergillus oryzae.,"Sweet, creamy.","Nostalgic, sweet.",35.6840574,139.7744912,"Tokyo, Japan",,,,,Tokyo,,,,,Japan,jp,1,1,© OpenStreetMap contributors,Open Database License,https://www.openstreetmap.org/copyright
69,Tapai,Jakarta,A Southeast Asian terrace where fermented rice or cassava tapai is a treat.,"Wild yeast, bacteria.","Sweet, alcoholic.","Exotic, festive.",-6.175247,106.8270488,"Special Capital Region of Jakarta, Java, Indonesia",,,,,Special Capital Region of Jakarta,,Java,,,Indonesia,id,1,1,© OpenStreetMap contributors,Open Database License,https://www.openstreetmap.org/copyright
70,Probiotic Yogurt,Athens,A plaza offering a range of probiotic yogurts for gut health.,Lactic acid bacteria.,"Creamy, tangy.","Healthful, creamy.",37.9755648,23.7348324,"105 57 Athens, Greece",Athens,,,105 57,Athens,,Attica,,Regional Unit of Central Athens,Greece,gr,1,1,© OpenStreetMap contributors,Open Database License,https://www.openstreetmap.org/copyright
71,Kanji,Pakistan,A cozy nook where this North Indian fermented carrot drink is a local tonic.,Lactic acid bacteria.,"Tangy, earthy, spicy.","Invigorating, rustic.",32.61219175,73.9845895257559,"Amir Kalasa 50600, Pakistan",Amir Kalasa,,,50600,Amir Kalasa,,Punjab,PB,Gujrāt District,Pakistan,pk,0.3969,0.3969,© OpenStreetMap contributors,Open Database License,https://www.openstreetmap.org/copyright
72,Stinky Tofu,Taipei Night Market,"A street famous for its pungent, fermented tofu delicacies.","Bacteria, molds.","Pungent, cheese-like.","Adventurous, aromatic.",,,,,,,,,,,,,,,,,,,
73,Suanmeitang,Beijing,A spring where the sour plum drink refreshes and balances the palate.,"Wild yeast, lactic acid bacteria.","Sour, sweet, smoky.","Balancing, tangy.",39.9057136,116.3912972,"首都功能核心区, 100010 Beijing, China",Beijing,,,100010,Beijing,,Beijing,,首都功能核心区,China,cn,1,1,© OpenStreetMap contributors,Open Database License,https://www.openstreetmap.org/copyright
74,Miso Paste,Nagoya,A marketplace where various types of miso paste are used in cooking demonstrations.,Aspergillus oryzae.,"Savory, umami, rich.","Culinary, versatile.",35.1851045,136.8998438,"Nagoya, Aichi Prefecture, Japan",,,,,Nagoya,,Chubu Region,,Aichi Prefecture,Japan,jp,1,1,© OpenStreetMap contributors,Open Database License,https://www.openstreetmap.org/copyright
75,Pickled Daikon,Seoul,A district where pickled daikon radish is served in traditional and new ways.,Lactic acid bacteria.,"Crunchy, tangy, peppery.","Crisp, clean.",37.5666791,126.9782914,"Seoul, South Korea",,,,,Seoul,,,,,South Korea,kr,1,1,© OpenStreetMap contributors,Open Database License,https://www.openstreetmap.org/copyright
76,Koji,Osaka,A kitchen studio where koji is used in a variety of fermentation workshops.,Aspergillus oryzae.,"Sweet, floral, umami.","Educational, flavorful.",34.6937569,135.5014539,"Osaka, Osaka Prefecture, Japan",,,,,Osaka,,Osaka Prefecture,,,Japan,jp,1,1,© OpenStreetMap contributors,Open Database License,https://www.openstreetmap.org/copyright
77,Lacto-fermented Olives,Greek Island,"An oasis where olives are fermented in brine, showcasing diverse varieties.",Lactic acid bacteria.,"Briny, rich, earthy.","Meditative, rustic.",47.47071,3.84798,"Island, Yonne, France",,Island,,,Island,,Burgundy-Franche-Comte,BFC,Yonne,France,fr,0.5,0.5,,,https://www.whosonfirst.org/docs/licenses/
78,Labneh,Lebanon,"A landing spot for Middle Eastern cuisine, highlighting creamy labneh.",Lactic acid bacteria.,"Creamy, tangy.","Comforting, rich.",40.3429683,-76.4233816,"Lebanon, PA, United States of America",,,,,Lebanon,,Pennsylvania,PA,Lebanon County,United States,us,1,1,© OpenStreetMap contributors,Open Database License,https://www.openstreetmap.org/copyright
81,Escabeche,Cancun,An esplanade where this Latin American pickled vegetable dish is a specialty.,"Lactic acid bacteria, vinegar.","Sour, spicy.","Zesty, lively.",43.8844201,125.3180998,"130000 Jilin, China",,,,130000,Changchun City,,Jilin,,,China,cn,1,1,© OpenStreetMap contributors,Open Database License,https://www.openstreetmap.org/copyright
82,Fermented Oatmeal,Stockholm,An outpost serving up variations of fermented oatmeal for breakfast.,"Lactic acid bacteria, yeast.","Sour, creamy.","Nourishing, wholesome.",59.3251172,18.0710935,"111 29 Stockholm, Sweden",Stockholm,,,111 29,Stockholm,,,,Stockholm County,Sweden,se,1,1,© OpenStreetMap contributors,Open Database License,https://www.openstreetmap.org/copyright
84,Makkoli,Seoul,A meadow where Korean rice wine is sipped among flowering plants.,"Wild yeast, lactic acid bacteria.","Sweet, milky, alcoholic.","Sociable, refreshing.",37.5666791,126.9782914,"Seoul, South Korea",,,,,Seoul,,,,,South Korea,kr,1,1,© OpenStreetMap contributors,Open Database License,https://www.openstreetmap.org/copyright
85,Achar,Kathmandu,An arcade where South Asian pickles are made using age-old fermentation techniques.,"Lactic acid bacteria, oil, spices.","Spicy, pungent.","Bold, spicy.",27.708317,85.3205817,"Kathmandu, Kathmandu 46000, Nepal",Kathmandu,,,46000,Kathmandu,,Bagmati Pradesh,,Kathmandu,Nepal,np,1,1,© OpenStreetMap contributors,Open Database License,https://www.openstreetmap.org/copyright
86,Shio Koji,Kyoto,Shores where the seasoning of shio koji brings new flavors to seafood dishes.,Aspergillus oryzae.,"Salty, sweet, umami.","Innovative, savory.",35.021041,135.7556075,"Kyoto, Kyoto Prefecture, Japan",,,,,Kyoto,,,,Kyoto Prefecture,Japan,jp,1,1,© OpenStreetMap contributors,Open Database License,https://www.openstreetmap.org/copyright
87,Beet Kvass,Moscow Brewary,A corner dedicated to the health benefits and preparation of beet kvass.,Lactic acid bacteria.,"Earthy, salty, tangy.","Healthful, earthy.",55.741469,37.615561,"Moscow, Jakimanka, Russia",,,,,Moscow,,Moscow City,,Jakimanka,Russia,ru,0.5,0.5,,,https://www.whosonfirst.org/docs/licenses/
90,Sourdough Bread,Sydney,"A square where sourdough bread baking is an art form, with starters on display.","Wild yeast, lactic acid bacteria.","Tangy, toasty.","Wholesome, artisanal.",-33.8698439,151.2082848,"Sydney, NSW, Australia",,,,,Sydney,,New South Wales,NSW,,Australia,au,1,1,© OpenStreetMap contributors,Open Database License,https://www.openstreetmap.org/copyright
91,Doburoku,Kyoto,A rustic hideaway where home-brewed Japanese sake is enjoyed.,"Yeast, Koji mold.","Fruity, sweet, alcoholic.","Homely, joyful.",35.021041,135.7556075,"Kyoto, Kyoto Prefecture, Japan",,,,,Kyoto,,,,Kyoto Prefecture,Japan,jp,1,1,© OpenStreetMap contributors,Open Database License,https://www.openstreetmap.org/copyright
92,Harissa,Tunis,A vibrant marketplace with a focus on the spicy fermented chili paste.,Lactic acid bacteria.,"Spicy, earthy.","Energetic, fiery.",36.8002068,10.1857757,"Tunis, Tunisia",Tunis,,,,Tunis,,Tunis,,,Tunisia,tn,1,1,© OpenStreetMap contributors,Open Database License,https://www.openstreetmap.org/copyright
93,Kefir Cheese,Moscow,A dairy farm castle where kefir cheese is crafted and aged.,"Lactic acid bacteria, yeasts.","Creamy, tangy.","Rustic, nourishing.",55.7504461,37.6174943,"Moscow, Russia",Moscow,,,,Moscow,,Moscow,,,Russia,ru,1,1,© OpenStreetMap contributors,Open Database License,https://www.openstreetmap.org/copyright
95,Umeboshi,Wakayama,A garden where Japanese pickled plums are celebrated for their sourness.,Lactic acid bacteria.,"Sour, salty.","Purifying, awakening.",34.2345797,135.178303,"Wakayama, 640-8511, Japan",,,,640-8511,Wakayama,,,,Wakayama Prefecture,Japan,jp,1,1,© OpenStreetMap contributors,Open Database License,https://www.openstreetmap.org/copyright
96,Chicha,Peru,A cozy retreat where traditional corn chicha is brewed and shared.,"Wild yeast, bacteria.","Sweet, fruity, fermented.","Community, ancient.",41.3272919,-89.1287636,"Peru, IL 61354, United States of America",,,,61354,Peru,,Illinois,IL,LaSalle County,United States,us,1,1,© OpenStreetMap contributors,Open Database License,https://www.openstreetmap.org/copyright
98,Puer Tea,Yunnan,A tranquil tea house where aged puer tea leaves ferment to perfection.,"Aspergillus niger, yeasts.","Earthy, musty.","Meditative, deep.",29.1240666,110.1462042,"Yunnan, Yongshun County, China",Yunnan,,,,Yunnan,,Hunan,,Yongshun County,China,cn,1,1,© OpenStreetMap contributors,Open Database License,https://www.openstreetmap.org/copyright
99,Sourdough Starter,Paris,A laboratory-like space where sourdough starters from around the world are kept.,"Wild yeast, lactic acid bacteria.","Yeasty, tangy.","Inventive, artisanal.",48.8534951,2.3483915,"Paris, IDF, France",,,,,Paris,,Ile-de-France,IDF,,France,fr,1,1,© OpenStreetMap contributors,Open Database License,https://www.openstreetmap.org/copyright
101,Giardiniera,Chicago,A garden party setting where Italian pickled vegetables are the main attraction.,"Lactic acid bacteria, vinegar.","Tangy, spicy.","Social, tangy.",41.8755616,-87.6244212,"Chicago, IL, United States of America",,,,,Chicago,,Illinois,IL,Cook County,United States,us,1,1,© OpenStreetMap contributors,Open Database License,https://www.openstreetmap.org/copyright
103,Gari,Tokyo,A grove where Nigerian ginger fermented in brine is a popular snack.,Lactic acid bacteria.,"Spicy, tangy.","Zesty, invigorating.",35.6840574,139.7744912,"Tokyo, Japan",,,,,Tokyo,,,,,Japan,jp,1,1,© OpenStreetMap contributors,Open Database License,https://www.openstreetmap.org/copyright
105,Kwas Chlebowy,Warsaw,A Polish-inspired deli where bread kvass is brewed and served.,"Lactic acid bacteria, yeast.","Sour, bready, malty.","Hearty, traditional.",52.2319581,21.0067249,"Warsaw, Masovian Voivodeship, Poland",,,,,Warsaw,,Masovian Voivodeship,,,Poland,pl,1,1,© OpenStreetMap contributors,Open Database License,https://www.openstreetmap.org/copyright
106,Tianjin Preserved Vegetable,Tianjin,A terrace dedicated to the traditional Chinese salted and fermented vegetables.,Lactic acid bacteria.,"Salty, umami.","Cultural, savory.",39.084802,117.1959904,"300061 Tianjin, China",Tianjin,,,300061,Tianjin,,Tianjin,,,China,cn,1,1,© OpenStreetMap contributors,Open Database License,https://www.openstreetmap.org/copyright
107,Rejuvelac,New York City,"A wellness center offering rejuvelac, the fermented drink from sprouted grains.","Lactic acid bacteria, yeast.","Tangy, lemony.","Healing, revitalizing.",40.7127281,-74.0060152,"New York, NY, United States of America",,,,,New York,,New York,NY,,United States,us,1,1,© OpenStreetMap contributors,Open Database License,https://www.openstreetmap.org/copyright
108,Tarhana,Istanbul,"A small town square where the fermented mixture for soup, tarhana, is celebrated.","Lactic acid bacteria, yeast.","Tangy, yeasty, sour.","Homely, warming.",41.0091982,28.9662187,"34126 Istanbul, Turkey",Istanbul,,,34126,Istanbul,,Marmara Region,,Istanbul,Turkey,tr,1,1,© OpenStreetMap contributors,Open Database License,https://www.openstreetmap.org/copyright
109,Narezushi,Osaka,A boutique sushi spot where the ancient form of fermented sushi is available.,Lactic acid bacteria.,"Fishy, sour.","Exquisite, rare.",34.6937569,135.5014539,"Osaka, Osaka Prefecture, Japan",,,,,Osaka,,Osaka Prefecture,,,Japan,jp,1,1,© OpenStreetMap contributors,Open Database License,https://www.openstreetmap.org/copyright
111,Lao Chao,Suzhou,"An alley in China where the sweet, fermented rice wine lao chao is shared.","Wild yeast, lactic acid bacteria.","Sweet, alcoholic.","Friendly, traditional.",39.744526,98.5072987,"Suzhou District, Suzhou, Gansu, China",Suzhou,Suzhou District,,735000,Suzhou,,Gansu,,,China,cn,1,1,© OpenStreetMap contributors,Open Database License,https://www.openstreetmap.org/copyright
113,Sikhye,Seoul,A square in Korea where sweet rice dessert drink sikhye is offered to passersby.,"Wild yeast, bacteria.","Sweet, malty.","Refreshing, sweet.",37.5666791,126.9782914,"Seoul, South Korea",,,,,Seoul,,,,,South Korea,kr,1,1,© OpenStreetMap contributors,Open Database License,https://www.openstreetmap.org/copyright
115,Boza,Bulgaria,A boulevard where the Balkan fermented drink boza is the toast of the town.,"Lactic acid bacteria, yeast.","Tart, sweet.","Nostalgic, inviting.",46.7889169,23.6184909,"Bulgaria, Cluj-Napoca, Romania",Bulgaria,,Bulgaria,,Cluj-Napoca,,,,Cluj,Romania,ro,1,1,© OpenStreetMap contributors,Open Database License,https://www.openstreetmap.org/copyright
117,Curtido,San Salvador,A café in El Salvador where the spicy cabbage ferment curtido accompanies pupusas.,Lactic acid bacteria.,"Spicy, tangy.","Vibrant, flavorful.",13.6989939,-89.1914249,"San Salvador, Departamento de San Salvador, El Salvador",,,,,San Salvador,,Departamento de San Salvador,,,El Salvador,sv,1,1,© OpenStreetMap contributors,Open Database License,https://www.openstreetmap.org/copyright
118,Gherkin,London,An exhibition of the many ways to ferment cucumbers into crunchy gherkins.,Lactic acid bacteria.,"Sour, dill, garlicky.","Playful, traditional.",51.5073359,-0.12765,"London, ENG, United Kingdom",London,,,,London,,England,ENG,Greater London,United Kingdom,gb,1,1,© OpenStreetMap contributors,Open Database License,https://www.openstreetmap.org/copyright
119,Tsukemono,Tokyo,A Japanese terrace where tsukemono pickles are beautifully displayed.,Lactic acid bacteria.,"Salty, crisp.","Refined, delicate.",35.6840574,139.7744912,"Tokyo, Japan",,,,,Tokyo,,,,,Japan,jp,1,1,© OpenStreetMap contributors,Open Database License,https://www.openstreetmap.org/copyright
121,Kimchi Jjigae,Seoul,A cozy Korean spot where the spicy fermented kimchi stew warms the soul.,Lactic acid bacteria.,"Spicy, garlicky.","Comforting, invigorating.",37.5666791,126.9782914,"Seoul, South Korea",,,,,Seoul,,,,,South Korea,kr,1,1,© OpenStreetMap contributors,Open Database License,https://www.openstreetmap.org/copyright
122,Fermented Black Beans,Beijing,A marketplace stall specializing in fermented black beans.,Rhizopus oligosporus.,"Earthy, salty.","Bold, umami-rich.",39.9057136,116.3912972,"首都功能核心区, 100010 Beijing, China",Beijing,,,100010,Beijing,,Beijing,,首都功能核心区,China,cn,1,1,© OpenStreetMap contributors,Open Database License,https://www.openstreetmap.org/copyright
124,Murukku,Chennai,"An Indian bakery where the crunchy, fermented murukku snack is made.",Lactic acid bacteria.,"Savory, spiced.","Joyful, communal.",13.0836939,80.270186,"Chennai - 600001, TN, India",Chennai,,,600001,Chennai,,Tamil Nadu,TN,Chennai District,India,in,1,1,© OpenStreetMap contributors,Open Database License,https://www.openstreetmap.org/copyright
125,Lacto-fermented Lemonade,Helsinki,A whimsical stand offering naturally fermented lemonade.,"Wild yeast, lactic acid bacteria.","Zesty, sweet.","Refreshing, nostalgic.",60.1674881,24.9427473,"Helsinki, Uusimaa, Finland",,,,,Helsinki,,Mainland Finland,,Uusimaa,Finland,fi,1,1,© OpenStreetMap contributors,Open Database License,https://www.openstreetmap.org/copyright
126,Airag,Mongolia,A nomadic yurt where Mongolian fermented horse milk is served.,"Lactic acid bacteria, yeasts.","Creamy, sharp.","Adventurous, unique.",43.9382593,-79.2235563,"Mongolia, Markham, ON L4A 1S5, Canada",Mongolia,,,L4A 1S5,Markham,,Ontario,ON,York Region,Canada,ca,1,1,© OpenStreetMap contributors,Open Database License,https://www.openstreetmap.org/copyright
129,Iru,Nigeria,A West African eatery celebrating the potent fermented locust beans.,Bacillus subtilis.,"Pungent, spicy.","Earthy, bold.",4.59648,6.99597,"New Nigeria, Degema, Nigeria",,,,,New Nigeria,,Rivers,RI,Degema,Nigeria,ng,0.9,0.9,,,https://www.whosonfirst.org/docs/licenses/
130,Misozuke,Kyoto,A manor where Japanese miso-fermented vegetables are a gourmet treat.,Aspergillus oryzae.,"Umami, savory.","Exotic, savory.",35.021041,135.7556075,"Kyoto, Kyoto Prefecture, Japan",,,,,Kyoto,,,,Kyoto Prefecture,Japan,jp,1,1,© OpenStreetMap contributors,Open Database License,https://www.openstreetmap.org/copyright
132,Probiotic Sodas,New York City,"A modern soda shop with a twist on fermented, bubbly drinks.","Lactic acid bacteria, yeasts.","Fruity, fizzy.","Playful, refreshing.",40.7127281,-74.0060152,"New York, NY, United States of America",,,,,New York,,New York,NY,,United States,us,1,1,© OpenStreetMap contributors,Open Database License,https://www.openstreetmap.org/copyright
133,Corned Beef,Dublin,A deli where beef is cured and fermented in traditional brine.,Lactic acid bacteria.,"Salty, savory.","Comforting, hearty.",53.3493795,-6.2605593,"Dublin, Ireland",,,,,Dublin,D,Leinster,L,County Dublin,Ireland,ie,1,1,© OpenStreetMap contributors,Open Database License,https://www.openstreetmap.org/copyright
135,Rugbrød,Copenhagen,A Danish bakery that specializes in sourdough rye bread.,"Wild yeast, lactic acid bacteria.","Earthy, tangy.","Nourishing, wholesome.",55.6867243,12.5700724,"1357 Copenhagen, Denmark",Copenhagen,,,1357,Copenhagen,,Capital Region of Denmark,,,Denmark,dk,1,1,© OpenStreetMap contributors,Open Database License,https://www.openstreetmap.org/copyright
139,Togwa,Tanzania,A Tanzanian tavern serving the traditional fermented drink togwa.,"Lactic acid bacteria, yeasts.","Sour, grainy.","Communal, traditional.",-0.0924532,35.6774076,"Tanzania, Kuresoi North, Kenya",Tanzania,,,,Tanzania,,Nakuru,,Kuresoi North,Kenya,ke,1,1,© OpenStreetMap contributors,Open Database License,https://www.openstreetmap.org/copyright
140,Makdous,Syria,"A Levantine market where oil-cured, stuffed eggplants are a local staple.",Lactic acid bacteria.,"Garlicky, olive oil.","Exotic, indulgent.",38.4879035,-78.3261152,"Syria, VA 22743, United States of America",Syria,,,22743,Syria,,Virginia,VA,Madison County,United States,us,1,1,© OpenStreetMap contributors,Open Database License,https://www.openstreetmap.org/copyright
142,Nukazuke,Tokyo,A Japanese stall offering fermented vegetables in rice bran (nuka).,Lactic acid bacteria.,"Savory, earthy.","Traditional, umami-rich.",35.6840574,139.7744912,"Tokyo, Japan",,,,,Tokyo,,,,,Japan,jp,1,1,© OpenStreetMap contributors,Open Database License,https://www.openstreetmap.org/copyright
143,Tarhana,Istanbul,A Turkish soup kitchen where the fermented grain soup tarhana is savored.,"Lactic acid bacteria, yeasts.","Sour, tangy, spicy.","Nourishing, warming.",41.0091982,28.9662187,"34126 Istanbul, Turkey",Istanbul,,,34126,Istanbul,,Marmara Region,,Istanbul,Turkey,tr,1,1,© OpenStreetMap contributors,Open Database License,https://www.openstreetmap.org/copyright
145,Sourdough Bread,Bay Area,An artisanal bakery specializing in various types of sourdough bread.,"Wild yeast, lactic acid bacteria.","Tangy, toasty.","Comforting, satisfying.",37.7884969,-122.3558473,"San Francisco Bay Area, San Francisco, CA 94110, United States of America",San Francisco Bay Area,,,94110,San Francisco,,California,CA,,United States,us,1,1,© OpenStreetMap contributors,Open Database License,https://www.openstreetmap.org/copyright
147,Meju,Seoul,A Korean marketplace where blocks of fermented soybean (meju) are traded.,"Bacillus spp., molds.","Earthy, rich.","Cultural, robust.",37.5666791,126.9782914,"Seoul, South Korea",,,,,Seoul,,,,,South Korea,kr,1,1,© OpenStreetMap contributors,Open Database License,https://www.openstreetmap.org/copyright
149,Garri,Nigeria,"A West African depot for garri, a fermented cassava product.","Lactic acid bacteria, yeasts.","Sour, starchy.","Earthy, staple.",4.59648,6.99597,"New Nigeria, Degema, Nigeria",,,,,New Nigeria,,Rivers,RI,Degema,Nigeria,ng,0.9,0.9,,,https://www.whosonfirst.org/docs/licenses/
151,Fesikh,Cairo,An Egyptian fair where the traditional fermented fish fesikh is celebrated.,Halophilic bacteria.,"Fishy, salty.","Bold, traditional.",30.0443879,31.2357257,"Cairo, Egypt",Cairo,,,,Cairo,,Cairo,,,Egypt,eg,1,1,© OpenStreetMap contributors,Open Database License,https://www.openstreetmap.org/copyright
153,Giardiniera,De Luca,An Italian deli with a selection of pickled vegetables in vinegar.,Acetic acid bacteria.,"Sour, spicy, crunchy.","Zesty, appetizing.",-35.0784857,-59.8303628,"De Luca, Partido de Chivilcoy, Argentina",De Luca,,,,De Luca,,Buenos Aires,B,Partido de Chivilcoy,Argentina,ar,1,1,© OpenStreetMap contributors,Open Database License,https://www.openstreetmap.org/copyright
155,Fermented Rice,Beijing,A Southeast Asian hideaway where fermented rice dishes are featured.,"Lactic acid bacteria, molds.","Sweet, tangy.","Nurturing, sweet.",39.9057136,116.3912972,"首都功能核心区, 100010 Beijing, China",Beijing,,,100010,Beijing,,Beijing,,首都功能核心区,China,cn,1,1,© OpenStreetMap contributors,Open Database License,https://www.openstreetmap.org/copyright
157,Amazake,Amazake Alley,"A Japanese nook where the sweet, low-alcohol rice drink amazake is enjoyed.",Koji mold.,"Sweet, creamy.","Comforting, sweet.",30.97063,31.1669,"Al Maḩallah al Kubrá, Awel El-Mahallah El-Kobra, Egypt",,,,,Al Maḩallah al Kubrá,,Gharbia,,Awel El-Mahallah El-Kobra,Egypt,eg,0.3969,0.3969,,CC BY 4.0,https://www.geonames.org/datasources/
158,Kefir Cheese,Kefir Kiosk,A Middle Eastern market stand with a variety of kefir-based cheeses.,"Lactic acid bacteria, yeasts.","Creamy, tangy.","Rich, gourmet.",46.08341,-78.88289,"Kiosk, ON, Canada",,,,,Kiosk,,Ontario,ON,Nipissing,Canada,ca,0.5,0.5,,,https://www.whosonfirst.org/docs/licenses/
159,Puto,Manila,"A Filipino bakery where the sweet, steamed fermented rice cake puto is made.",Lactic acid bacteria.,"Sweet, fluffy.","Joyful, light.",14.5813098,120.9761612,"Manila, Capital District, Philippines",,,,,Manila,,Metro Manila,,Capital District,Philippines,ph,1,1,© OpenStreetMap contributors,Open Database License,https://www.openstreetmap.org/copyright
160,Pu-erh Tea,Pu-erh Pagoda,"A Chinese tea house specializing in aged, fermented pu-erh tea.","Molds, yeast, bacteria.","Earthy, woody.","Ancient, sophisticated.",26.488233,80.40049,"Dal Narayan Pu, Unnao, India",,,,,Dal Narayan Pu,,Uttar Pradesh,UP,Unnao,India,in,0.2222222222222222,0.2222222222222222,,,https://www.whosonfirst.org/docs/licenses/
161,Beer,Beer Garden,A craft brewery where traditional beer fermentation is celebrated.,Saccharomyces cerevisiae.,"Hoppy, malty.","Social, hearty.",26.395132,74.736317,"Beer, Ajmer, India",,,,,Beer,,Rajasthan,RJ,Ajmer,India,in,0.9,0.9,,,https://www.whosonfirst.org/docs/licenses/
163,Miso Soup,Miso Meadow,A Japanese soup bar where different varieties of miso soup are offered.,"Aspergillus oryzae, yeasts.","Savory, umami.","Warming, umami-rich.",-17.26861,37.95417,"Miso, Q, Mozambique",,,,,Miso,,Zambézia,Q,Maganja da Costa,Mozambique,mz,0.9,0.9,,,https://www.whosonfirst.org/docs/licenses/
164,Ogiri,Ogiri Oasis,A Nigerian stall where the strong-flavored fermented ogiri is found.,Bacillus spp.,"Pungent, rich.","Potent, cultural.",8.73333,4.21667,"Ogiri, Moro, Nigeria",,,,,Ogiri,,Kwara,KW,Moro,Nigeria,ng,0.5,0.5,,,https://www.whosonfirst.org/docs/licenses/
165,Soy Sauce,Kyoto,An artisanal workshop where soy sauce is fermented and aged.,"Aspergillus oryzae, yeasts.","Salty, umami.","Cultural, essential.",35.021041,135.7556075,"Kyoto, Kyoto Prefecture, Japan",,,,,Kyoto,,,,Kyoto Prefecture,Japan,jp,1,1,© OpenStreetMap contributors,Open Database License,https://www.openstreetmap.org/copyright
166,Kishk,Lebanon,A Middle Eastern eatery serving the fermented cereal and yogurt dish kishk.,Lactic acid bacteria.,"Sour, creamy.","Traditional, hearty.",40.3429683,-76.4233816,"Lebanon, PA, United States of America",,,,,Lebanon,,Pennsylvania,PA,Lebanon County,United States,us,1,1,© OpenStreetMap contributors,Open Database License,https://www.openstreetmap.org/copyright
167,Alcoholic Ginger Beer,Windsor,A bar where fermented ginger beer with a kick is the specialty.,Saccharomyces cerevisiae.,"Spicy, sweet.","Invigorating, social.",51.4800285,-0.6125716,"Windsor, Windsor and Maidenhead, ENG, United Kingdom",Windsor,,,,Windsor,,England,ENG,Royal Borough of Windsor and Maidenhead,United Kingdom,gb,1,1,© OpenStreetMap contributors,Open Database License,https://www.openstreetmap.org/copyright
169,Crème Fraîche,Normandy,"A French café that features dishes with the fermented cream, crème fraîche.",Lactic acid bacteria.,"Creamy, tangy.","Luxurious, smooth.",38.7208842,-90.2973359,"Normandy, MO 63121, United States of America",,,,63121,Normandy,,Missouri,MO,Saint Louis County,United States,us,1,1,© OpenStreetMap contributors,Open Database License,https://www.openstreetmap.org/copyright
171,Ajvar,Serbia,"A Balkan spot showcasing the rich, red pepper condiment, often fermented.",Lactic acid bacteria.,"Smoky, sweet.","Homey, comforting.",40.1846282,21.9990312,"505 00 Σέρβια, Greece",Σέρβια,,,505 00,Σέρβια,,Epirus and Western Macedonia,,Kozani Regional Unit,Greece,gr,1,1,© OpenStreetMap contributors,Open Database License,https://www.openstreetmap.org/copyright
172,Smreka,Slovenia,"A Bosnian herbal beverage bar, offering the juniper berry drink smreka.","Wild yeast, lactic acid bacteria.","Woody, tart.","Refreshing, invigorating.",46.1199444,14.8153333,Slovenia,,,,,,,,,,Slovenia,si,0,,© OpenStreetMap contributors,Open Database License,https://www.openstreetmap.org/copyright
173,Asazuke,Tokyo,"A Japanese establishment featuring lightly pickled, quick-fermented veggies.",Lactic acid bacteria.,"Crunchy, delicate.","Light, zesty.",35.6840574,139.7744912,"Tokyo, Japan",,,,,Tokyo,,,,,Japan,jp,1,1,© OpenStreetMap contributors,Open Database License,https://www.openstreetmap.org/copyright
175,Kimchi Pancakes,Seoul,A Korean diner that incorporates kimchi into savory pancakes.,"Lactic acid bacteria, yeasts.","Spicy, umami.","Comforting, satisfying.",37.5666791,126.9782914,"Seoul, South Korea",,,,,Seoul,,,,,South Korea,kr,1,1,© OpenStreetMap contributors,Open Database License,https://www.openstreetmap.org/copyright
178,Suan Cai,Northeastern China,"A Northern Chinese store for suan cai, a type of Chinese sauerkraut.",Lactic acid bacteria.,"Tangy, savory.","Traditional, hearty.",19.766838,-90.496451,"China, Campeche, Mexico",,,,,China,,Campeche,CAM,Campeche,Mexico,mx,0.5,0.5,,,https://www.whosonfirst.org/docs/licenses/
179,Lacto-fermented Berries,Helsinki,An artisan market with a variety of lacto-fermented berry preserves.,Lactic acid bacteria.,"Sweet, tangy.","Fresh, vibrant.",60.1674881,24.9427473,"Helsinki, Uusimaa, Finland",,,,,Helsinki,,Mainland Finland,,Uusimaa,Finland,fi,1,1,© OpenStreetMap contributors,Open Database License,https://www.openstreetmap.org/copyright
181,Burong Isda,Manila,"A Filipino eatery known for burong isda, a fermented fish rice dish.",Lactic acid bacteria.,"Fishy, tangy.","Bold, traditional.",14.5813098,120.9761612,"Manila, Capital District, Philippines",,,,,Manila,,Metro Manila,,Capital District,Philippines,ph,1,1,© OpenStreetMap contributors,Open Database License,https://www.openstreetmap.org/copyright
183,Tibicos,Mexico City,"A health-oriented café offering tibicos, also known as water kefir grains.","Lactic acid bacteria, yeasts.","Fruity, fizzy.","Invigorating, healthful.",19.4326296,-99.1331785,"Mexico City, Mexico",,,,,Mexico City,,,,,Mexico,mx,1,1,© OpenStreetMap contributors,Open Database License,https://www.openstreetmap.org/copyright
184,Harcho,Georgia,"A Georgian stall known for harcho, a traditional soup with fermented sauce.",Lactic acid bacteria.,"Spicy, meaty.","Warming, rich.",44.7291998,-73.1167134,"Georgia, VT, United States of America",,,,,Georgia,,Vermont,VT,Franklin County,United States,us,1,1,© OpenStreetMap contributors,Open Database License,https://www.openstreetmap.org/copyright
185,Lacto-fermented Pickles,New York City,"A deli dedicated to crunchy, lacto-fermented pickles in various flavors.",Lactic acid bacteria.,"Sour, dill, garlic.","Refreshing, crunchy.",40.7127281,-74.0060152,"New York, NY, United States of America",,,,,New York,,New York,NY,,United States,us,1,1,© OpenStreetMap contributors,Open Database License,https://www.openstreetmap.org/copyright
186,Miso Ramen,Sapporo,A Japanese noodle house serving rich miso ramen with fermented soybean paste.,"Aspergillus oryzae, yeasts.","Savory, umami.","Comforting, fulfilling.",43.061936,141.3542924,"Sapporo, Hokkaido Prefecture, Japan",,,,,Sapporo,,Ishikari Subprefecture,,Hokkaido Prefecture,Japan,jp,1,1,© OpenStreetMap contributors,Open Database License,https://www.openstreetmap.org/copyright
190,Sikhye,Seoul,A Korean street corner where the sweet rice beverage sikhye is served.,"Yeasts, molds.","Sweet, malty.","Sweet, celebratory.",37.5666791,126.9782914,"Seoul, South Korea",,,,,Seoul,,,,,South Korea,kr,1,1,© OpenStreetMap contributors,Open Database License,https://www.openstreetmap.org/copyright
191,Torshi,Iran,"A Middle Eastern market that specializes in a variety of torshi, pickled veggies.",Lactic acid bacteria.,"Spicy, tangy.","Exotic, tangy.",-12.853783,-73.6051796,"Iran, AYA, Peru",Iran,,,,Iran,,Ayacucho,AYA,,Peru,pe,1,1,© OpenStreetMap contributors,Open Database License,https://www.openstreetmap.org/copyright
192,Lacto-fermented Salsas,Los Angeles,"A Latin American kitchen where fresh, lacto-fermented salsas are crafted.",Lactic acid bacteria.,"Spicy, fresh.","Zesty, vibrant.",34.0536909,-118.242766,"Los Angeles, CA, United States of America",,,,,Los Angeles,,California,CA,Los Angeles County,United States,us,1,1,© OpenStreetMap contributors,Open Database License,https://www.openstreetmap.org/copyright
194,Raib,Morocco,"A Moroccan stall offering the creamy, fermented milk drink raib.",Lactic acid bacteria.,"Creamy, sweet.","Soothing, dessert-like.",40.9463651,-87.4529316,"Morocco, IN 47963, United States of America",,,,47963,Morocco,,Indiana,IN,Newton County,United States,us,1,1,© OpenStreetMap contributors,Open Database License,https://www.openstreetmap.org/copyright
195,Tursu,Turkey,"A Turkish eatery with an assortment of tursu, traditional pickled vegetables.",Lactic acid bacteria.,"Sour, crunchy.","Appetizing, varied.",34.3939184,-100.894078,"Turkey, TX 79261, United States of America",,,,79261,Turkey,,Texas,TX,Hall County,United States,us,1,1,© OpenStreetMap contributors,Open Database License,https://www.openstreetmap.org/copyright
196,Lacto-fermented Hot Sauce,New Orleans,"A shop specializing in fiery, lacto-fermented hot sauces.",Lactic acid bacteria.,"Spicy, tangy.","Exciting, intense.",29.9759983,-90.0782127,"New Orleans, LA, United States of America",,,,,New Orleans,,Louisiana,LA,Orleans Parish,United States,us,1,1,© OpenStreetMap contributors,Open Database License,https://www.openstreetmap.org/copyright
197,Shio Koji,Kyoto,"A Japanese pantry shop offering the salty-sweet ferment, shio koji.",Aspergillus oryzae.,"Umami, salty.","Savory, enriching.",35.021041,135.7556075,"Kyoto, Kyoto Prefecture, Japan",,,,,Kyoto,,,,Kyoto Prefecture,Japan,jp,1,1,© OpenStreetMap contributors,Open Database License,https://www.openstreetmap.org/copyright
199,Lacto-fermented Honey,Budapest,"An apiary where honey is fermented into a complex, probiotic-rich treat.","Wild yeast, lactic acid bacteria.","Sweet, floral.","Comforting, luxurious.",47.4978918,19.0401609,"Budapest, Central Hungary, Hungary",,,,,Budapest,,Central Hungary,,,Hungary,hu,1,1,© OpenStreetMap contributors,Open Database License,https://www.openstreetmap.org/copyright
200,Lassi,Jaipur,"An Indian yogurt-based drink spot, serving a variety of sweet and savory lassis.",Lactic acid bacteria.,"Creamy, refreshing.","Calming, indulgent.",26.9154576,75.8189817,"Jaipur - 302001, RJ, India",Jaipur,,,302001,Jaipur,,Rajasthan,RJ,Jaipur Tehsil,India,in,1,1,© OpenStreetMap contributors,Open Database License,https://www.openstreetmap.org/copyright
201,Boza,Sophia,"A spot featuring boza, a thick, slightly fermented beverage popular in the Balkans.","Lactic acid bacteria, yeasts.","Sweet, tangy.","Comforting, filling.",37.7076145,-81.250657,"Sophia, WV, United States of America",,,,,Sophia,,West Virginia,WV,Raleigh County,United States,us,1,1,© OpenStreetMap contributors,Open Database License,https://www.openstreetmap.org/copyright
202,Sourdough Crispbread,Sweden,A Scandinavian bakery specializing in sourdough crispbread.,"Lactic acid bacteria, wild yeast.","Nutty, sour.","Crunchy, satisfying.",44.133435,-70.822678,"Sweden, ME 04040, United States of America",,,,04040,Sweden,,Maine,ME,Oxford County,United States,us,1,1,© OpenStreetMap contributors,Open Database License,https://www.openstreetmap.org/copyright
204,Sombi,Ghana,"A West African stall known for sombi, a fermented rice pudding.",Lactic acid bacteria.,"Sweet, creamy.","Comforting, sweet.",21.5729154,77.4769914,"Ghana, Chikhaldara, India",Ghana,,,,Ghana,,Maharashtra,MH,Chikhaldara,India,in,1,1,© OpenStreetMap contributors,Open Database License,https://www.openstreetmap.org/copyright
205,Lacto-fermented Radish,Seoul,"A gourmet shop selling spicy, lacto-fermented radish.",Lactic acid bacteria.,"Peppery, tangy.","Invigorating, sharp.",37.5666791,126.9782914,"Seoul, South Korea",,,,,Seoul,,,,,South Korea,kr,1,1,© OpenStreetMap contributors,Open Database License,https://www.openstreetmap.org/copyright
206,Nukazuke,Tokyo,A Japanese nook where vegetables fermented in rice bran (nuka) are the star.,Lactic acid bacteria.,"Earthy, savory.","Hearty, umami.",35.6840574,139.7744912,"Tokyo, Japan",,,,,Tokyo,,,,,Japan,jp,1,1,© OpenStreetMap contributors,Open Database License,https://www.openstreetmap.org/copyright
207,Kallumakkaya Ularthiyathu,Kochi,A South Indian coastal shack serving spicy fermented mussel stir-fry.,"Wild yeast, beneficial bacteria.","Spicy, seafood.","Spicy, bold.",33.5680384,133.5394221,"Kochi, 780-8571, Japan",,,,780-8571,Kochi,,,,Kochi Prefecture,Japan,jp,1,1,© OpenStreetMap contributors,Open Database License,https://www.openstreetmap.org/copyright
208,Viili,Viili Village,"A Finnish corner offering viili, a ropey, fermented milk product.",Lactic acid bacteria.,"Mild, yogurty.","Soothing, mild.",26.64632,-80.27095,"Village of Wellington, FL, United States of America",,,,,Village of Wellington,,Florida,FL,Palm Beach County,United States,us,0.3969,0.3969,,CC BY 4.0,https://www.geonames.org/datasources/
210,Probiotic Fruit Juices,Brazil,A modern bar where fruit juices undergo fermentation to gain probiotic benefits.,Lactic acid bacteria.,"Fruity, tangy.","Refreshing, healthful.",39.523652,-87.1250154,"Brazil, IN, United States of America",,,,,Brazil,,Indiana,IN,Clay County,United States,us,1,1,© OpenStreetMap contributors,Open Database License,https://www.openstreetmap.org/copyright
211,Koji Rice,Koji Kitchen,A Japanese-inspired eatery where koji-fermented rice is used in various dishes.,Aspergillus oryzae.,"Sweet, umami.","Nourishing, innovative.",37.21667,126.68583,"Kŏji, Hwaseong, South Korea",,,,,Kŏji,,Kyeongki-Do,,Hwaseong,South Korea,kr,0.63,0.63,,CC BY 4.0,https://www.geonames.org/datasources/
213,Salt-Rising Bread,Appalachia,An artisanal bakery where the rare salt-rising bread is baked.,Clostridium bacteria.,"Cheesy, rich.","Unique, traditional.",36.9034309,-82.7853107,"Appalachia, VA 24216, United States of America",,,,24216,Appalachia,,Virginia,VA,Wise County,United States,us,1,1,© OpenStreetMap contributors,Open Database License,https://www.openstreetmap.org/copyright
216,Lacto-fermented Carrots,Amsterdam,A vegan spot that highlights lacto-fermented carrots as a healthy snack.,Lactic acid bacteria.,"Tangy, sweet.","Healthy, crunchy.",52.3730796,4.8924534,"Amsterdam, NH, Netherlands",,,,,Amsterdam,,North Holland,NH,,Netherlands,nl,1,1,© OpenStreetMap contributors,Open Database License,https://www.openstreetmap.org/copyright
217,Mead,Dublin,An old-style tavern where traditional honey mead is brewed and enjoyed.,"Wild yeast, bacteria.","Floral, alcoholic.","Historical, warming.",53.3493795,-6.2605593,"Dublin, Ireland",,,,,Dublin,D,Leinster,L,County Dublin,Ireland,ie,1,1,© OpenStreetMap contributors,Open Database License,https://www.openstreetmap.org/copyright
219,Lacto-fermented Ginger Beer,Jamaica,"A boutique brewing spot for spicy, homemade lacto-fermented ginger beer.",Lactic acid bacteria.,"Spicy, fizzy.","Stimulating, lively.",41.8460595,-94.3081492,"Jamaica, IA, United States of America",,,,,Jamaica,,Iowa,IA,Guthrie County,United States,us,1,1,© OpenStreetMap contributors,Open Database License,https://www.openstreetmap.org/copyright
220,Murri,Iraq,"A Middle Eastern stall exploring murri, a fermented barley condiment.","Molds, yeasts, bacteria.","Salty, savory.","Exotic, flavorful.",36.686291,41.994791,"Tel Afar District, Masif, Nineveh Governorate, Iraq",Masif,Tel Afar District,,,Masif,,Nineveh Governorate,,,Iraq,iq,1,1,© OpenStreetMap contributors,Open Database License,https://www.openstreetmap.org/copyright
223,Lacto-fermented Garlic,Gilroy,A health-centric spot dedicated to the benefits of lacto-fermented garlic.,Lactic acid bacteria.,"Pungent, tangy.","Strong, healthful.",37.0065078,-121.5631723,"Gilroy, CA 95020, United States of America",,,,95020,Gilroy,,California,CA,Santa Clara County,United States,us,1,1,© OpenStreetMap contributors,Open Database License,https://www.openstreetmap.org/copyright
224,Puto,Manila,"A Filipino kiosk where puto, a fermented rice cake, is a popular treat.","Lactic acid bacteria, wild yeast.","Sweet, fluffy.","Joyful, celebratory.",14.5813098,120.9761612,"Manila, Capital District, Philippines",,,,,Manila,,Metro Manila,,Capital District,Philippines,ph,1,1,© OpenStreetMap contributors,Open Database License,https://www.openstreetmap.org/copyright
225,Sourdough Bagels,Bagel Basement,A New York-inspired deli offering tangy sourdough bagels.,"Lactic acid bacteria, wild yeast.","Chewy, sour.","Hearty, fulfilling.",10.04251,9.59639,"Bagel, Tafawa-Balewa, Nigeria",,,,,Bagel,,Bauchi,BA,Tafawa-Balewa,Nigeria,ng,0.5,0.5,,,https://www.whosonfirst.org/docs/licenses/
227,Lacto-fermented Pineapple,Manila,A tropical-themed stand with lacto-fermented pineapple chunks.,Lactic acid bacteria.,"Tangy, sweet.","Refreshing, tangy.",14.5813098,120.9761612,"Manila, Capital District, Philippines",,,,,Manila,,Metro Manila,,Capital District,Philippines,ph,1,1,© OpenStreetMap contributors,Open Database License,https://www.openstreetmap.org/copyright
230,Lacto-fermented Eggplant,Naples,A Mediterranean café showcasing lacto-fermented eggplant in various dishes.,Lactic acid bacteria.,"Tangy, earthy.","Rich, savory.",40.8358846,14.2487679,"Naples, Napoli, Italy",,,,,Naples,NA,Campania,CAM,Napoli,Italy,it,1,1,© OpenStreetMap contributors,Open Database License,https://www.openstreetmap.org/copyright
232,Black Garlic,Aomori,"A specialty shop with a focus on aged, fermented black garlic.",Enzymatic breakdown.,"Sweet, balsamic.","Complex, mysterious.",40.8222833,140.7472027,"Aomori, Aomori Prefecture, Japan",,,,,Aomori,,,,Aomori Prefecture,Japan,jp,1,1,© OpenStreetMap contributors,Open Database License,https://www.openstreetmap.org/copyright
233,Cacao (for Chocolate),San Pedro,A chocolatier that ferments cacao beans for artisanal chocolate.,"Yeasts, lactic acid bacteria.","Rich, chocolatey.","Luxurious, comforting.",38.8267126,-2.1860141,"02326 San Pedro, Spain",,,,02326,San Pedro,AB,Castile-La Mancha,,Albacete,Spain,es,1,1,© OpenStreetMap contributors,Open Database License,https://www.openstreetmap.org/copyright
234,Fish Sauce,Bangkok,"A marketplace that features an array of fish sauce, an essential umami enhancer.",Lactic acid bacteria.,"Fishy, salty.","Savory, traditional.",13.7524938,100.4935089,"Bangkok, Bangkok 10200, Thailand",Bangkok,,,10200,Bangkok,,Bangkok,,,Thailand,th,1,1,© OpenStreetMap contributors,Open Database License,https://www.openstreetmap.org/copyright
235,Fermented Honey,Istanbul,"A boutique offering fermented honey, known for its medicinal properties.","Wild yeast, lactic acid bacteria.","Floral, sweet.","Soothing, sweet.",41.0091982,28.9662187,"34126 Istanbul, Turkey",Istanbul,,,34126,Istanbul,,Marmara Region,,Istanbul,Turkey,tr,1,1,© OpenStreetMap contributors,Open Database License,https://www.openstreetmap.org/copyright
237,Narezushi (Ancient Sushi),Tokyo,A restaurant serving ancient-style sushi with fermented fish.,Lactic acid bacteria.,"Sour, fishy.","Acquired, intense.",35.6840574,139.7744912,"Tokyo, Japan",,,,,Tokyo,,,,,Japan,jp,1,1,© OpenStreetMap contributors,Open Database License,https://www.openstreetmap.org/copyright
239,Rakfisk,Trondheim,"A Norwegian bistro dedicated to rakfisk, fermented trout.",Lactic acid bacteria.,"Fishy, tangy.","Bold, traditional.",63.4304475,10.3952118,"Trondheim, Trøndelag, Norway",,,,,Trondheim,,,,Trøndelag,Norway,no,1,1,© OpenStreetMap contributors,Open Database License,https://www.openstreetmap.org/copyright
240,Shiokara,Hakodate,"A Japanese establishment specializing in shiokara, a salty fermented seafood.",Lactic acid bacteria.,"Briny, intense.","Adventurous, savory.",41.768793,140.729008,"Hakodate, Hokkaido Prefecture, Japan",,,,,Hakodate,,Oshima Subprefecture,,Hokkaido Prefecture,Japan,jp,1,1,© OpenStreetMap contributors,Open Database License,https://www.openstreetmap.org/copyright
241,Turshi (Pickled Vegetables),Jordan,"A Balkan tavern where a variety of pickled vegetables, or turshi, are served.",Lactic acid bacteria.,"Vinegary, spicy.","Zesty, appetizing.",44.6663146,-93.6261918,"Jordan, MN, United States of America",,,,,Jordan,,Minnesota,MN,Scott County,United States,us,1,1,© OpenStreetMap contributors,Open Database License,https://www.openstreetmap.org/copyright
245,Kombucha Tea,Portland,A modern café where a variety of flavored kombucha teas are brewed.,"Acetobacter, yeasts.","Fruity, vinegary.","Energizing, trendy.",45.5202471,-122.674194,"Portland, OR, United States of America",,,,,Portland,,Oregon,OR,Multnomah County,United States,us,1,1,© OpenStreetMap contributors,Open Database License,https://www.openstreetmap.org/copyright
246,Labneh,Middle East,"A Middle Eastern diner focusing on labneh, thick strained yogurt.",Lactic acid bacteria.,"Creamy, tangy.","Rich, creamy.",39.3014159,-76.5888477,"Middle East, Baltimore, MD, United States of America",,Middle East,,,Baltimore,,Maryland,MD,,United States,us,1,1,© OpenStreetMap contributors,Open Database License,https://www.openstreetmap.org/copyright
247,Umeboshi (Pickled Plums),Nara,"A specialty shop dedicated to the unique taste of umeboshi, pickled plums.",Lactic acid bacteria.,"Sour, salty.","Unique, acquired.",34.6845445,135.8048359,"Nara, Nara Prefecture, Japan",,,,,Nara,,,,Nara Prefecture,Japan,jp,1,1,© OpenStreetMap contributors,Open Database License,https://www.openstreetmap.org/copyright
249,Traditional Balsamic Vinegar,Modena,An Italian vendor specializing in traditionally fermented balsamic vinegar.,Acetobacter.,"Sweet, woody.","Luxurious, sweet.",44.6458885,10.9255707,"Modena, Italy",,,,,Modena,MO,Emilia-Romagna,EMI,Modena,Italy,it,1,1,© OpenStreetMap contributors,Open Database License,https://www.openstreetmap.org/copyright
250,Escabeche (Pickled Fish),Manila,"A coastal joint serving escabeche, marinated and fermented fish.",Lactic acid bacteria.,"Vinegary, fishy.","Zesty, marine.",14.5813098,120.9761612,"Manila, Capital District, Philippines",,,,,Manila,,Metro Manila,,Capital District,Philippines,ph,1,1,© OpenStreetMap contributors,Open Database License,https://www.openstreetmap.org/copyright
251,Kanji (Fermented Drink),Kanji Kiosk,"A roadside stand selling kanji, a fermented carrot and beet drink from North India.",Lactic acid bacteria.,"Tangy, earthy.","Refreshing, healthy.",24.94169,73.428387,"Kanji Ka Gurha, Udaipur, India",,,,,Kanji Ka Gurha,,Rajasthan,RJ,Udaipur,India,in,0.567,0.567,,,https://www.whosonfirst.org/docs/licenses/
252,Hákarl (Fermented Shark),Hákarl Hut,"An Icelandic food stall known for its hákarl, a fermented shark delicacy.",Lactic acid bacteria.,"Ammonia, fishy.","Extreme, pungent.",49.7,13.98333,"Hut', Central Bohemian, Czechia",,,,,Hut',,Central Bohemian,,,Czechia,cz,0.63,0.63,,,https://www.whosonfirst.org/docs/licenses/
253,Kefir Grains,Kefir Kingdom,A store that sells kefir grains for home fermentation of milk or water kefir.,"Lactic acid bacteria, yeasts.","Creamy, yeasty.","Homey, healthful.",42.92896,-74.97571,"Kingdom, NY, United States of America",,Warren,,,Kingdom,,New York,NY,Herkimer County,United States,us,0.5,0.5,,CC BY 4.0,https://www.geonames.org/datasources/
254,Pu-erh Tea,Pu-erh Pavilion,"A tea house where aged pu-erh tea, fermented over years, is savored.","Molds, bacteria.","Earthy, musty.","Meditative, aged.",42.37028,119.09028,"Erh-tao-p'u, Chifeng, China",,,,,Erh-tao-p'u,,Inner Mongolia,,Chifeng,China,cn,0,,,,https://www.whosonfirst.org/docs/licenses/
255,Sauerkraut Juice,Kraut Juice Corner,A health-focused juice bar where sauerkraut juice is a probiotic specialty.,Lactic acid bacteria.,"Tangy, salty.","Invigorating, sour.",,,,,,,,,,,,,,,,,,,
256,Suan cai (Pickled Chinese Cabbage),Suan Cai Spot,"A Chinese restaurant with a focus on suan cai, fermented Chinese cabbage.",Lactic acid bacteria.,"Sour, spicy.","Comforting, tangy.",10.0009,105.75095,"Cái Răng, Cai Rang, Vietnam",,,,,Cái Răng,,Can Tho,,Cai Rang,Vietnam,vn,0.63,0.63,,CC BY 4.0,https://www.geonames.org/datasources/
257,Viili (Fermented Milk),Viili Villa,"A Finnish health-food store featuring viili, a traditional fermented milk.",Lactic acid bacteria.,"Milky, slightly sweet.","Cozy, probiotic-rich.",14.52694,-90.5875,"Villa Nueva, Guatemala",,,,,Villa Nueva,,Guatemala,GU,Villa Nueva,Guatemala,gt,0.63,0.63,,,https://www.whosonfirst.org/docs/licenses/
258,Water Kefir,Montreal,"A boutique selling a variety of water kefir, a lightly fermented probiotic drink.","Lactic acid bacteria, yeasts.","Fruity, effervescent.","Refreshing, bubbly.",45.5031824,-73.5698065,"Montreal, QC, Canada",,,,,Montreal,,Quebec,QC,Urban agglomeration of Montreal,Canada,ca,1,1,© OpenStreetMap contributors,Open Database License,https://www.openstreetmap.org/copyright
259,Lacto-fermented Radish,Radish Ranch,An organic food shop with an array of lacto-fermented radishes.,Lactic acid bacteria.,"Peppery, tangy.","Crunchy, peppery.",33.890055,-117.192894,"Moreno Valley Ranch, Moreno Valley, CA, United States of America",Moreno Valley Ranch,,Moreno Valley Ranch,,Moreno Valley,,California,CA,Riverside County,United States,us,0.567,0.567,,,https://www.whosonfirst.org/docs/licenses/
260,Sourdough Pancakes,Sourdough Sanctuary,A breakfast café where sourdough pancakes with a twist are the star.,"Wild yeast, lactic acid bacteria.","Buttery, tangy.","Comforting, hearty.",50.98339,-108.08468,"Sanctuary, SK, Canada",,,,,Sanctuary,,Saskatchewan,SK,Division No. 8,Canada,ca,0.5,0.5,,,https://www.whosonfirst.org/docs/licenses/
261,Achar,Achar Avenue,"A South Asian shop that specializes in achar, spicy pickled fruits and vegetables.","Lactic acid bacteria, yeast.","Spicy, savory.","Invigorating, homey.",2.93333,32.53333,"Achar, Aswa, Uganda",,,,,Achar,,Gulu,,Aswa,Uganda,ug,0.9,0.9,,,https://www.whosonfirst.org/docs/licenses/
262,Bagoong,Bagoong Bay,"A Filipino restaurant known for bagoong, a pungent fermented shrimp paste.",Halophilic bacteria.,"Fishy, salty.","Bold, umami.",44.517448,-87.954535,"Green Bay, WI, United States of America",,Green Bay,,,Green Bay,,Wisconsin,WI,Brown County,United States,us,0.44099999999999995,0.44099999999999995,,,https://www.whosonfirst.org/docs/licenses/
263,Choujiu,Choujiu Corner,"A Chinese tavern that serves choujiu, a milky fermented rice wine.","Yeast, mold.","Sweet, alcoholic.","Joyful, celebratory.",42.64739,-70.867721,"Nancys Corner, Hamilton, MA, United States of America",Nancys Corner,Hamilton,Nancys Corner,,Hamilton,,Massachusetts,MA,Essex County,United States,us,0.63,0.63,,,https://www.whosonfirst.org/docs/licenses/
264,Dosa Batter,Dosa Delights,An Indian diner where dosa batter ferments to perfection for crisp dosas.,"Lactic acid bacteria, wild yeast.","Sour, savory.","Comforting, satisfying.",45.71901,12.58343,"Dosa, Treviso, Italy",,Chiarano,,,Dosa,TV,Veneto,VEN,Treviso,Italy,it,0.5,0.5,,,https://www.whosonfirst.org/docs/licenses/
265,Garri,Garri Garden,"A West African grocery store offering garri, fermented cassava flakes.",Lactic acid bacteria.,"Sour, starchy.","Earthy, filling.",33.780211,-117.958986,"Garden Grove, CA, United States of America",,,,,Garden Grove,,California,CA,Orange County,United States,us,0.9,0.9,,,https://www.whosonfirst.org/docs/licenses/
266,Iru (Locust Beans),Iru Inn,"A Nigerian bistro with a focus on iru, fermented locust beans used in cooking.",Bacillus subtilis.,"Smoky, spicy.","Hearty, traditional.",48.251704,12.984883,"Kirchdorf am Inn, Bavaria, Germany",,Kirchdorf a. Inn,,,Kirchdorf am Inn,,Bavaria,,Rottal-Inn,Germany,de,0.567,0.567,,,https://www.whosonfirst.org/docs/licenses/
267,Koji (Rice Mold),Koji Kitchen,A Japanese shop where koji mold is used to ferment rice for various applications.,Aspergillus oryzae.,"Sweet, moldy.","Cultured, artisanal.",37.21667,126.68583,"Kŏji, Hwaseong, South Korea",,,,,Kŏji,,Kyeongki-Do,,Hwaseong,South Korea,kr,0.63,0.63,,CC BY 4.0,https://www.geonames.org/datasources/
268,Lassi,Lassi Landing,An Indian yogurt-based beverage parlor that offers a variety of fermented lassis.,Lactic acid bacteria.,"Creamy, fruity.","Refreshing, cooling.",38.16253,20.48233,"Lassi, Ionian Islands, Greece",,,,,Lassi,,Ionian Islands,,,Greece,gr,0.9,0.9,,,https://www.whosonfirst.org/docs/licenses/
269,Makkoli,Makkoli Market,"A Korean establishment that serves makkoli, a cloudy, fermented rice drink.","Yeast, lactic acid bacteria.","Sweet, yeasty.","Sociable, light-hearted.",10.934139,75.935121,"Market, Malappuram, India",,,,,Market,,Kerala,KL,Malappuram,India,in,0.63,0.63,,,https://www.whosonfirst.org/docs/licenses/
270,Nata de Coco,Nata Nook,"A dessert cafe that features nata de coco, a jelly-like food produced by fermentation.",Acetobacter aceti.,"Sweet, vinegary.","Quirky, fun.",8.33333,-80.51667,"Natá, Panama",,,,,Natá,,Coclé,,Natá,Panama,pa,0.9,0.9,,,https://www.whosonfirst.org/docs/licenses/
271,Ouzo Mash,Ouzo Oasis,A Greek distillery where ouzo mash is fermented before distillation.,Yeasts.,"Anise, herbal.","Spirited, celebratory.",,,,,,,,,,,,,,,,,,,
272,Poi,Poi Place,"A Hawaiian eatery specializing in poi, a traditional fermented taro paste.",Lactic acid bacteria.,"Sour, starchy.","Traditional, nutritious.",11.45,-2.56667,"Poi, Sissili, Burkina Faso",,,,,Poi,,Centre Ouest,,Sissili,Burkina Faso,bf,0.9,0.9,,,https://www.whosonfirst.org/docs/licenses/
273,Quark,Quark Quarter,"A European dairy shop selling quark, a type of fresh, fermented cheese.",Lactic acid bacteria.,"Milky, tangy.","Fresh, light.",,,,,,,,,,,,,,,,,,,
274,Rejuvelac,Rejuvelac Retreat,"A wellness center where rejuvelac, a fermented grain drink, is touted for health.",Lactobacillus.,"Tart, citrusy.","Health-conscious, invigorating.",39.9165,-74.71266,"Retreat, Leisuretowne, NJ, United States of America",Retreat,Southampton Township,Retreat,,Leisuretowne,,New Jersey,NJ,Burlington County,United States,us,0.63,0.63,,,https://www.whosonfirst.org/docs/licenses/
275,Salami,Milan,"An Italian deli that features a variety of aged, fermented salami.","Lactic acid bacteria, molds.","Meaty, tangy.","Indulgent, savory.",45.4641943,9.1896346,"Milan, Italy",,,,,Milan,,Lombardy,,Milan,Italy,it,1,1,© OpenStreetMap contributors,Open Database License,https://www.openstreetmap.org/copyright
276,Tepache,Tepache Tavern,"A Mexican bar where tepache, a fermented pineapple beverage, is the house special.","Wild yeast, bacteria.","Fruity, tangy.","Festive, refreshing.",38.16254,-92.12962,"Tavern, MO, United States of America",,Boone Township,,,Tavern,,Missouri,MO,Maries County,United States,us,0.5,0.5,,CC BY 4.0,https://www.geonames.org/datasources/
277,Uji (Fermented Porridge),Uji Umbrella,"An East African stall selling uji, a fermented sorghum porridge.",Lactic acid bacteria.,"Sour, grainy.","Hearty, traditional.",7.64832,8.29062,"Uji, Gwer West, Nigeria",,,,,Uji,,Benue,BE,Gwer West,Nigeria,ng,0.5,0.5,,,https://www.whosonfirst.org/docs/licenses/
278,Vișinată (Sour Cherry Liqueur),Vișinată Village,"A European bar that specializes in vișinată, a fermented sour cherry liqueur.",Yeasts.,"Fruity, sweet.","Warm, nostalgic.",26.64632,-80.27095,"Village of Wellington, FL, United States of America",,,,,Village of Wellington,,Florida,FL,Palm Beach County,United States,us,0.3969,0.3969,,CC BY 4.0,https://www.geonames.org/datasources/
279,Wara (Fermented Tofu),Wara Workshop,"A West African food market that showcases wara, a fermented tofu-like cheese.",Lactic acid bacteria.,"Nutty, cheesy.","Exotic, earthy.",9.7892,-11.77731,"Wara-Wara Bafodea, Koinadugu, Sierra Leone",,,,,Wara-Wara Bafodea,,Northern,N,Koinadugu,Sierra Leone,sl,0.63,0.63,,CC BY 4.0,https://www.geonames.org/datasources/
280,Xoconostle (Sour Cactus Fruit),Xoconostle Xchange,"A Mexican marketplace that offers xoconostle, a fermented sour cactus fruit.",Natural bacteria and yeasts.,"Tart, fruity.","Vibrant, tangy.",21.34146,-100.70167,"Xoconostle, San Diego de la Unión, Mexico",,,,,Xoconostle,,Guanajuato,GUA,San Diego de la Unión,Mexico,mx,0.5,0.5,,,https://www.whosonfirst.org/docs/licenses/
281,Yogurt Cheese,Yogurt Yurts,A Mediterranean food shop where yogurt cheese is made through fermentation.,Lactic acid bacteria.,"Creamy, sour.","Comforting, versatile.",46.65,92.83333,"Borchzhin Yurts, Most, Mongolia",,,,,Borchzhin Yurts,,Hovd,,Most,Mongolia,mn,0,,,,https://www.whosonfirst.org/docs/licenses/
282,Zabadi (Egyptian Yogurt),Zabadi Zone,"An Egyptian cafe that serves zabadi, a type of fermented yogurt.",Lactic acid bacteria.,"Cool, creamy.","Refreshing, soothing.",35.4181,37.00046,"Zabadi, Markaz Hamah, Syria",,,,,Zabadi,,Hamah,,Markaz Hamah,Syria,sy,0.9,0.9,,,https://www.whosonfirst.org/docs/licenses/
283,Ajvar (Roasted Peppers),Ajvar Emporium,A Balkan grocery store where ajvar is prepared with a unique fermentation twist.,Lactic acid bacteria.,"Smoky, tangy.","Warm, homey.",21.321784,73.506566,"Ajvar, Tapi, India",,,,,Ajvar,,Gujarat,GJ,Tapi,India,in,0.5,0.5,,,https://www.whosonfirst.org/docs/licenses/
284,Boza (Fermented Millet),Boza Bazaar,"A Turkish drink stand that offers boza, a thick fermented millet beverage.","Lactic acid bacteria, yeasts.","Sweet, sour.","Comforting, filling.",41.48958,-8.76481,"Boza, Apúlia e Fão, Portugal",,Apúlia e Fão,,,Boza,,Braga,,,Portugal,pt,0.5,0.5,,,https://www.whosonfirst.org/docs/licenses/
285,Cider (Hard),Cider Cellar,A rustic cidery where apples ferment into hard cider.,"Natural yeasts, lactic acid bacteria.","Fruity, alcoholic.","Celebratory, crisp.",40.29203,-75.72789,"Cider Mill Run, PA, United States of America",,Amity Township,,,Cider Mill Run,,Pennsylvania,PA,Berks County,United States,us,0.567,0.567,,,https://www.whosonfirst.org/docs/licenses/
286,Doenjang (Bean Paste),Doenjang Den,"A Korean pantry that focuses on doenjang, a rich, fermented soybean paste.","Bacteria, molds.","Savory, umami.","Rich, cultural.",52.947335,4.7727,"Den Helder, Netherlands",,Den Helder,,,Den Helder,,North Holland,NH,,Netherlands,nl,0.63,0.63,,,https://www.whosonfirst.org/docs/licenses/
287,Egusi (Melon Seed Ferment),Egusi Eatery,A West African restaurant where egusi seeds are fermented for traditional dishes.,"Molds, yeasts.","Nutty, earthy.","Traditional, hearty.",26.444315,-81.939983,"Big John's Boardwalk Eatery, Fort Myers Beach, FL, United States of America",Big John's Boardwalk Eatery,,Big John's Boardwalk Eatery,,Fort Myers Beach,,Florida,FL,Lee County,United States,us,0.35720999999999997,0.35720999999999997,,,https://www.whosonfirst.org/docs/licenses/
288,Filbunke (Sour Milk),Filbunke Forum,"A Swedish dairy that offers filbunke, a traditional sour milk product.",Lactic acid bacteria.,"Sour, creamy.","Comforting, traditional.",27.114484,81.067941,"Form, Barabanki, India",,,,,Form,,Uttar Pradesh,UP,Barabanki,India,in,0.63,0.63,,,https://www.whosonfirst.org/docs/licenses/
289,Giardiniera (Pickled Vegetables),Giardiniera Grove,"An Italian deli that showcases giardiniera, pickled vegetables with a tangy bite.",Lactic acid bacteria.,"Tangy, spicy.","Zesty, appetizing.",33.780211,-117.958986,"Garden Grove, CA, United States of America",,,,,Garden Grove,,California,CA,Orange County,United States,us,0.9,0.9,,,https://www.whosonfirst.org/docs/licenses/
290,Hákarl (Fermented Shark),Hákarl Haven,"An Icelandic specialty shop famous for hákarl, a notoriously fermented shark dish.",Putrefactive bacteria.,"Fishy, ammonia.","Adventurous, intense.",39.13955,-76.54774,"Green Haven, MD, United States of America",,,,,Green Haven,,Maryland,MD,Anne Arundel County,United States,us,0.27782999999999997,0.27782999999999997,,,https://www.whosonfirst.org/docs/licenses/
291,Horseradish Sauce,Horseradish Hub,"A boutique condiment store specializing in spicy, fermented horseradish sauces.",Lactic acid bacteria.,"Spicy, pungent.","Bold, invigorating.",48.15901,13.23754,"Hub, Braunau am Inn, Austria",,Höhnhart,,,Hub,,Upper Austria,,Braunau am Inn,Austria,at,0.5,0.5,,,https://www.whosonfirst.org/docs/licenses/
292,Kimchi Stew,Kimchi Kettle,"A Korean restaurant where the kimchi stew simmers with aged, fermented kimchi.","Lactic acid bacteria, yeasts.","Spicy, sour.","Comforting, warm.",,,,,,,,,,,,,,,,,,,
293,Labneh,Labneh Lounge,"A Middle Eastern café offering creamy labneh, a strained fermented yogurt cheese.",Lactic acid bacteria.,"Creamy, tangy.","Refreshing, wholesome.",,,,,,,,,,,,,,,,,,,
294,Miso Soup,Miso Marketplace,A Japanese soup bar featuring a variety of miso soups with fermented soybean paste.,"Aspergillus oryzae, yeasts.","Savory, umami.","Soothing, nourishing.",43.620793,-116.20095,"Fort Street Marketplace, Boise City, ID, United States of America",Fort Street Marketplace,,Fort Street Marketplace,,Boise City,,Idaho,ID,Ada County,United States,us,0.81,0.81,,,https://www.whosonfirst.org/docs/licenses/
295,Nattō on Rice,Nattō Niche,A Japanese diner that serves the traditional breakfast of nattō over rice.,Bacillus subtilis natto.,"Pungent, earthy.","Hearty, energizing.",26.46086,62.87757,"Natto, Kech, Pakistan",,,,,Natto,,Balochistan,BA,Kech,Pakistan,pk,0.63,0.63,,,https://www.whosonfirst.org/docs/licenses/
296,Olives in Brine,Olive Oasis,A Mediterranean grove where olives are cured and fermented in brine.,Lactic acid bacteria.,"Salty, vinegary.","Earthy, rustic.",40.867423,-74.743648,"Mount Olive Township, NJ, United States of America",,,,,Mount Olive Township,,New Jersey,NJ,Morris County,United States,us,0.81,0.81,,,https://www.whosonfirst.org/docs/licenses/
297,Pumpernickel Bread,Pumpernickel Pantry,"A German bakery known for its dense, slightly fermented pumpernickel bread.","Wild yeasts, lactic acid bacteria.","Earthy, sour.","Fulfilling, traditional.",,,,,,,,,,,,,,,,,,,
298,Quinoa Rejuvelac,Quinoa Quarters,A health food store where rejuvelac is brewed using fermented quinoa.,Lactobacillus.,"Tart, lemony.","Refreshing, healthful.",6.4291,-2.55289,"Quarters, Sefwi Wiawso, Ghana",,,,,Quarters,,Western,WP,Sefwi Wiawso,Ghana,gh,0.5,0.5,,CC BY 4.0,https://www.geonames.org/datasources/
299,Root Beer,Philadelphia,A craft soda shop where traditional root beer is fermented with sassafras root.,"Wild yeast, bacteria.","Sweet, herbal.","Nostalgic, bubbly.",39.9527237,-75.1635262,"Philadelphia, PA, United States of America",,,,,Philadelphia,,Pennsylvania,PA,Philadelphia County,United States,us,1,1,© OpenStreetMap contributors,Open Database License,https://www.openstreetmap.org/copyright
300,Sourdough Creations,Sourdough Studio,An artisanal bakery that crafts unique breads with their signature sourdough starter.,"Wild yeast, lactic acid bacteria.","Tangy, yeasty.","Artisanal, comforting.",45.90189,-109.81435,"Sourdough, MT, United States of America",,,,,Sourdough,,Montana,MT,Sweet Grass County,United States,us,0.5,0.5,,,https://www.whosonfirst.org/docs/licenses/